{
  "POST /predict [200 users]" : {
    "transaction" : "POST /predict [200 users]",
    "sampleCount" : 866,
    "errorCount" : 723,
    "errorPct" : 83.4873,
    "meanResTime" : 13666.942263279454,
    "medianResTime" : 7785.5,
    "minResTime" : 3698.0,
    "maxResTime" : 66003.0,
    "pct1ResTime" : 30019.4,
    "pct2ResTime" : 35227.1,
    "pct3ResTime" : 46781.930000000146,
    "throughput" : 8.976325718313362,
    "receivedKBytesPerSec" : 6.058278904857167,
    "sentKBytesPerSec" : 12239.535387201222
  },
  "Total" : {
    "transaction" : "Total",
    "sampleCount" : 2925,
    "errorCount" : 1858,
    "errorPct" : 63.521366,
    "meanResTime" : 13920.79692307691,
    "medianResTime" : 9419.0,
    "minResTime" : 692.0,
    "maxResTime" : 66003.0,
    "pct1ResTime" : 31569.800000000003,
    "pct2ResTime" : 35867.9,
    "pct3ResTime" : 39907.11999999998,
    "throughput" : 3.554001380289083,
    "receivedKBytesPerSec" : 2.6722431011365515,
    "sentKBytesPerSec" : 4687.899842953767
  },
  "POST /predict [30 users]" : {
    "transaction" : "POST /predict [30 users]",
    "sampleCount" : 134,
    "errorCount" : 0,
    "errorPct" : 0.0,
    "meanResTime" : 14452.462686567169,
    "medianResTime" : 15387.5,
    "minResTime" : 3687.0,
    "maxResTime" : 19757.0,
    "pct1ResTime" : 18150.0,
    "pct2ResTime" : 18517.75,
    "pct3ResTime" : 19414.000000000007,
    "throughput" : 1.8104438289535905,
    "receivedKBytesPerSec" : 0.9264380530973452,
    "sentKBytesPerSec" : 2610.2699700863
  },
  "POST /predict [50 users]" : {
    "transaction" : "POST /predict [50 users]",
    "sampleCount" : 162,
    "errorCount" : 0,
    "errorPct" : 0.0,
    "meanResTime" : 21656.012345679024,
    "medianResTime" : 24293.5,
    "minResTime" : 4162.0,
    "maxResTime" : 28763.0,
    "pct1ResTime" : 25679.0,
    "pct2ResTime" : 26141.75,
    "pct3ResTime" : 28376.180000000004,
    "throughput" : 1.9317219751260986,
    "receivedKBytesPerSec" : 0.9884983544590582,
    "sentKBytesPerSec" : 2785.127196383536
  },
  "POST /predict [150 users]" : {
    "transaction" : "POST /predict [150 users]",
    "sampleCount" : 754,
    "errorCount" : 668,
    "errorPct" : 88.59416,
    "meanResTime" : 12371.395225464192,
    "medianResTime" : 7604.5,
    "minResTime" : 3429.0,
    "maxResTime" : 52151.0,
    "pct1ResTime" : 30016.0,
    "pct2ResTime" : 32584.75,
    "pct3ResTime" : 38895.450000000084,
    "throughput" : 8.07228657687943,
    "receivedKBytesPerSec" : 6.621672122240541,
    "sentKBytesPerSec" : 10372.780031278102
  },
  "POST /predict [100 users]" : {
    "transaction" : "POST /predict [100 users]",
    "sampleCount" : 452,
    "errorCount" : 376,
    "errorPct" : 83.185844,
    "meanResTime" : 14307.362831858412,
    "medianResTime" : 9323.0,
    "minResTime" : 3483.0,
    "maxResTime" : 42330.0,
    "pct1ResTime" : 35860.9,
    "pct2ResTime" : 36021.7,
    "pct3ResTime" : 37272.05,
    "throughput" : 4.964741547857033,
    "receivedKBytesPerSec" : 4.933784853419301,
    "sentKBytesPerSec" : 5907.008900253454
  },
  "POST /predict [10 users]" : {
    "transaction" : "POST /predict [10 users]",
    "sampleCount" : 80,
    "errorCount" : 0,
    "errorPct" : 0.0,
    "meanResTime" : 7691.812500000001,
    "medianResTime" : 7411.5,
    "minResTime" : 6830.0,
    "maxResTime" : 10272.0,
    "pct1ResTime" : 8953.300000000001,
    "pct2ResTime" : 9763.85,
    "pct3ResTime" : 10272.0,
    "throughput" : 1.1907065354904967,
    "receivedKBytesPerSec" : 0.6093068599580276,
    "sentKBytesPerSec" : 1716.74353157977
  },
  "POST /predict [5 users]" : {
    "transaction" : "POST /predict [5 users]",
    "sampleCount" : 100,
    "errorCount" : 0,
    "errorPct" : 0.0,
    "meanResTime" : 2976.3899999999994,
    "medianResTime" : 2953.0,
    "minResTime" : 1795.0,
    "maxResTime" : 4966.0,
    "pct1ResTime" : 3411.7,
    "pct2ResTime" : 3613.5499999999997,
    "pct3ResTime" : 4965.179999999999,
    "throughput" : 1.602923732888789,
    "receivedKBytesPerSec" : 0.820246128939185,
    "sentKBytesPerSec" : 2311.071503797927
  },
  "POST /predict [20 users]" : {
    "transaction" : "POST /predict [20 users]",
    "sampleCount" : 104,
    "errorCount" : 0,
    "errorPct" : 0.0,
    "meanResTime" : 12221.192307692314,
    "medianResTime" : 12101.5,
    "minResTime" : 8958.0,
    "maxResTime" : 17201.0,
    "pct1ResTime" : 13534.0,
    "pct2ResTime" : 15087.5,
    "pct3ResTime" : 17168.25,
    "throughput" : 1.4584618836596173,
    "receivedKBytesPerSec" : 0.7463222920289447,
    "sentKBytesPerSec" : 2102.78881807178
  },
  "POST /predict [75 users]" : {
    "transaction" : "POST /predict [75 users]",
    "sampleCount" : 210,
    "errorCount" : 91,
    "errorPct" : 43.333332,
    "meanResTime" : 25707.133333333324,
    "medianResTime" : 33065.5,
    "minResTime" : 8794.0,
    "maxResTime" : 37680.0,
    "pct1ResTime" : 36205.4,
    "pct2ResTime" : 36815.549999999996,
    "pct3ResTime" : 37676.9,
    "throughput" : 2.191289104075798,
    "receivedKBytesPerSec" : 2.2758061791744058,
    "sentKBytesPerSec" : 2542.5392149445915
  },
  "POST /predict [1 user]" : {
    "transaction" : "POST /predict [1 user]",
    "sampleCount" : 63,
    "errorCount" : 0,
    "errorPct" : 0.0,
    "meanResTime" : 958.8730158730159,
    "medianResTime" : 903.0,
    "minResTime" : 692.0,
    "maxResTime" : 3942.0,
    "pct1ResTime" : 1084.0,
    "pct2ResTime" : 1110.8,
    "pct3ResTime" : 3942.0,
    "throughput" : 1.0419595455071697,
    "receivedKBytesPerSec" : 0.533190236177497,
    "sentKBytesPerSec" : 1502.2805463155153
  }
}