{
  "Total" : {
    "transaction" : "Total",
    "sampleCount" : 2914,
    "errorCount" : 0,
    "errorPct" : 0.0,
    "meanResTime" : 2368.4903912148256,
    "medianResTime" : 2128.0,
    "minResTime" : 189.0,
    "maxResTime" : 6828.0,
    "pct1ResTime" : 5786.0,
    "pct2ResTime" : 6024.0,
    "pct3ResTime" : 6465.0,
    "throughput" : 7.531934471653148,
    "receivedKBytesPerSec" : 1.294551237315385,
    "sentKBytesPerSec" : 10859.2399043864
  },
  "POST /predict [30 users]" : {
    "transaction" : "POST /predict [30 users]",
    "sampleCount" : 542,
    "errorCount" : 0,
    "errorPct" : 0.0,
    "meanResTime" : 3274.195571955722,
    "medianResTime" : 3434.5,
    "minResTime" : 213.0,
    "maxResTime" : 3889.0,
    "pct1ResTime" : 3669.4,
    "pct2ResTime" : 3729.55,
    "pct3ResTime" : 3826.1300000000006,
    "throughput" : 8.608230230452806,
    "receivedKBytesPerSec" : 1.479539570859076,
    "sentKBytesPerSec" : 12411.003396215832
  },
  "POST /predict [50 users]" : {
    "transaction" : "POST /predict [50 users]",
    "sampleCount" : 550,
    "errorCount" : 0,
    "errorPct" : 0.0,
    "meanResTime" : 5490.741818181814,
    "medianResTime" : 5804.5,
    "minResTime" : 243.0,
    "maxResTime" : 6828.0,
    "pct1ResTime" : 6295.900000000001,
    "pct2ResTime" : 6477.699999999998,
    "pct3ResTime" : 6780.780000000001,
    "throughput" : 8.401949252226517,
    "receivedKBytesPerSec" : 1.4440850277264325,
    "sentKBytesPerSec" : 12113.593414041376
  },
  "POST /predict [10 users]" : {
    "transaction" : "POST /predict [10 users]",
    "sampleCount" : 525,
    "errorCount" : 0,
    "errorPct" : 0.0,
    "meanResTime" : 1109.1676190476194,
    "medianResTime" : 1137.0,
    "minResTime" : 196.0,
    "maxResTime" : 1673.0,
    "pct1ResTime" : 1296.4,
    "pct2ResTime" : 1354.3999999999999,
    "pct3ResTime" : 1505.5400000000006,
    "throughput" : 8.616727941176471,
    "receivedKBytesPerSec" : 1.4810001148897058,
    "sentKBytesPerSec" : 12423.24867569098
  },
  "POST /predict [5 users]" : {
    "transaction" : "POST /predict [5 users]",
    "sampleCount" : 519,
    "errorCount" : 0,
    "errorPct" : 0.0,
    "meanResTime" : 559.9210019267828,
    "medianResTime" : 563.0,
    "minResTime" : 207.0,
    "maxResTime" : 898.0,
    "pct1ResTime" : 703.0,
    "pct2ResTime" : 741.0,
    "pct3ResTime" : 810.7999999999997,
    "throughput" : 8.607393402656848,
    "receivedKBytesPerSec" : 1.4793957410816458,
    "sentKBytesPerSec" : 12409.793786382408
  },
  "POST /predict [20 users]" : {
    "transaction" : "POST /predict [20 users]",
    "sampleCount" : 524,
    "errorCount" : 0,
    "errorPct" : 0.0,
    "meanResTime" : 2240.8969465648843,
    "medianResTime" : 2293.5,
    "minResTime" : 228.0,
    "maxResTime" : 3346.0,
    "pct1ResTime" : 2584.5,
    "pct2ResTime" : 2723.25,
    "pct3ResTime" : 3266.0,
    "throughput" : 8.447389208621496,
    "receivedKBytesPerSec" : 1.4518950202318197,
    "sentKBytesPerSec" : 12179.09880115386
  },
  "POST /predict [1 user]" : {
    "transaction" : "POST /predict [1 user]",
    "sampleCount" : 254,
    "errorCount" : 0,
    "errorPct" : 0.0,
    "meanResTime" : 236.6811023622047,
    "medianResTime" : 217.0,
    "minResTime" : 189.0,
    "maxResTime" : 1540.0,
    "pct1ResTime" : 255.5,
    "pct2ResTime" : 278.0,
    "pct3ResTime" : 942.3499999999985,
    "throughput" : 4.220531055797415,
    "receivedKBytesPerSec" : 0.7254037752151806,
    "sentKBytesPerSec" : 6084.996101019616
  }
}