{
  "POST /predict [Baseline 1 user]" : {
    "transaction" : "POST /predict [Baseline 1 user]",
    "sampleCount" : 459,
    "errorCount" : 0,
    "errorPct" : 0.0,
    "meanResTime" : 260.40958605664486,
    "medianResTime" : 234.0,
    "minResTime" : 210.0,
    "maxResTime" : 2921.0,
    "pct1ResTime" : 274.0,
    "pct2ResTime" : 316.0,
    "pct3ResTime" : 983.7999999999705,
    "throughput" : 3.82905241380461,
    "receivedKBytesPerSec" : 0.6581183836226673,
    "sentKBytesPerSec" : 5520.5737351327025
  },
  "Total" : {
    "transaction" : "Total",
    "sampleCount" : 1830,
    "errorCount" : 509,
    "errorPct" : 27.814207,
    "meanResTime" : 3543.681967213123,
    "medianResTime" : 312.0,
    "minResTime" : 208.0,
    "maxResTime" : 15454.0,
    "pct1ResTime" : 12637.0,
    "pct2ResTime" : 13308.45,
    "pct3ResTime" : 14306.960000000005,
    "throughput" : 5.690386977409475,
    "receivedKBytesPerSec" : 1.0151306379141465,
    "sentKBytesPerSec" : 8204.171441248891
  },
  "POST /predict [Recovery 1 user]" : {
    "transaction" : "POST /predict [Recovery 1 user]",
    "sampleCount" : 502,
    "errorCount" : 0,
    "errorPct" : 0.0,
    "meanResTime" : 238.99999999999991,
    "medianResTime" : 231.0,
    "minResTime" : 208.0,
    "maxResTime" : 656.0,
    "pct1ResTime" : 260.7,
    "pct2ResTime" : 287.84999999999997,
    "pct3ResTime" : 386.72999999999973,
    "throughput" : 4.178736722938101,
    "receivedKBytesPerSec" : 0.7182203742549862,
    "sentKBytesPerSec" : 6024.733795429194
  },
  "POST /predict [SPIKE 100 users]" : {
    "transaction" : "POST /predict [SPIKE 100 users]",
    "sampleCount" : 869,
    "errorCount" : 509,
    "errorPct" : 58.573074,
    "meanResTime" : 7186.918296892987,
    "medianResTime" : 4124.0,
    "minResTime" : 394.0,
    "maxResTime" : 15454.0,
    "pct1ResTime" : 13331.0,
    "pct2ResTime" : 13769.5,
    "pct3ResTime" : 14797.699999999999,
    "throughput" : 12.139584264640144,
    "receivedKBytesPerSec" : 2.2531440335829234,
    "sentKBytesPerSec" : 17502.36727459174
  }
}