{
  "POST /predict [Baseline 1 user]" : {
    "transaction" : "POST /predict [Baseline 1 user]",
    "sampleCount" : 126,
    "errorCount" : 0,
    "errorPct" : 0.0,
    "meanResTime" : 951.1031746031744,
    "medianResTime" : 896.0,
    "minResTime" : 682.0,
    "maxResTime" : 3885.0,
    "pct1ResTime" : 1101.3,
    "pct2ResTime" : 1129.3999999999999,
    "pct3ResTime" : 3783.7500000000014,
    "throughput" : 1.050131266408301,
    "receivedKBytesPerSec" : 0.5373718589823728,
    "sentKBytesPerSec" : 1514.0641847809102
  },
  "Total" : {
    "transaction" : "Total",
    "sampleCount" : 862,
    "errorCount" : 476,
    "errorPct" : 55.220417,
    "meanResTime" : 8080.481438515088,
    "medianResTime" : 4406.5,
    "minResTime" : 682.0,
    "maxResTime" : 37224.0,
    "pct1ResTime" : 30391.5,
    "pct2ResTime" : 31884.999999999993,
    "pct3ResTime" : 34767.2,
    "throughput" : 2.5325381202808708,
    "receivedKBytesPerSec" : 1.3287240723330493,
    "sentKBytesPerSec" : 3651.3772380286528
  },
  "POST /predict [Recovery 1 user]" : {
    "transaction" : "POST /predict [Recovery 1 user]",
    "sampleCount" : 99,
    "errorCount" : 0,
    "errorPct" : 0.0,
    "meanResTime" : 1218.4444444444448,
    "medianResTime" : 897.0,
    "minResTime" : 694.0,
    "maxResTime" : 8287.0,
    "pct1ResTime" : 1116.0,
    "pct2ResTime" : 4712.0,
    "pct3ResTime" : 8287.0,
    "throughput" : 0.8202833706189411,
    "receivedKBytesPerSec" : 0.4197543810589113,
    "sentKBytesPerSec" : 1182.671975010875
  },
  "POST /predict [SPIKE 100 users]" : {
    "transaction" : "POST /predict [SPIKE 100 users]",
    "sampleCount" : 637,
    "errorCount" : 476,
    "errorPct" : 74.72527,
    "meanResTime" : 10557.15855572998,
    "medianResTime" : 5011.0,
    "minResTime" : 3369.0,
    "maxResTime" : 37224.0,
    "pct1ResTime" : 31216.600000000002,
    "pct2ResTime" : 32483.600000000002,
    "pct3ResTime" : 34983.66,
    "throughput" : 7.102478620089868,
    "receivedKBytesPerSec" : 3.7588624187451916,
    "sentKBytesPerSec" : 10240.253310210092
  }
}