{
  "POST /predict [200 users]" : {
    "transaction" : "POST /predict [200 users]",
    "sampleCount" : 1446,
    "errorCount" : 1147,
    "errorPct" : 79.322266,
    "meanResTime" : 7204.755186721994,
    "medianResTime" : 6217.5,
    "minResTime" : 335.0,
    "maxResTime" : 19959.0,
    "pct1ResTime" : 15532.4,
    "pct2ResTime" : 17775.8,
    "pct3ResTime" : 19216.239999999998,
    "throughput" : 20.485648712209223,
    "receivedKBytesPerSec" : 3.901822776471255,
    "sentKBytesPerSec" : 29535.388983606877
  },
  "Total" : {
    "transaction" : "Total",
    "sampleCount" : 6013,
    "errorCount" : 2732,
    "errorPct" : 45.43489,
    "meanResTime" : 6048.420256111766,
    "medianResTime" : 4735.0,
    "minResTime" : 216.0,
    "maxResTime" : 19959.0,
    "pct1ResTime" : 13086.2,
    "pct2ResTime" : 14883.7,
    "pct3ResTime" : 18018.639999999992,
    "throughput" : 8.712207377485036,
    "receivedKBytesPerSec" : 1.5901852195293698,
    "sentKBytesPerSec" : 12560.910626954197
  },
  "POST /predict [30 users]" : {
    "transaction" : "POST /predict [30 users]",
    "sampleCount" : 348,
    "errorCount" : 0,
    "errorPct" : 0.0,
    "meanResTime" : 5196.548850574717,
    "medianResTime" : 5558.5,
    "minResTime" : 249.0,
    "maxResTime" : 6826.0,
    "pct1ResTime" : 6056.0,
    "pct2ResTime" : 6182.55,
    "pct3ResTime" : 6468.129999999999,
    "throughput" : 5.35796766743649,
    "receivedKBytesPerSec" : 0.9209006928406466,
    "sentKBytesPerSec" : 7724.901035652425
  },
  "POST /predict [50 users]" : {
    "transaction" : "POST /predict [50 users]",
    "sampleCount" : 366,
    "errorCount" : 0,
    "errorPct" : 0.0,
    "meanResTime" : 8479.02459016393,
    "medianResTime" : 8991.5,
    "minResTime" : 300.0,
    "maxResTime" : 10858.0,
    "pct1ResTime" : 10192.1,
    "pct2ResTime" : 10448.1,
    "pct3ResTime" : 10754.39,
    "throughput" : 5.3586331093249004,
    "receivedKBytesPerSec" : 0.9210150656652172,
    "sentKBytesPerSec" : 7725.858227162669
  },
  "POST /predict [150 users]" : {
    "transaction" : "POST /predict [150 users]",
    "sampleCount" : 1276,
    "errorCount" : 958,
    "errorPct" : 75.07837,
    "meanResTime" : 6631.918495297817,
    "medianResTime" : 4904.5,
    "minResTime" : 369.0,
    "maxResTime" : 17407.0,
    "pct1ResTime" : 14935.499999999998,
    "pct2ResTime" : 15908.199999999999,
    "pct3ResTime" : 16869.6,
    "throughput" : 17.76070374700741,
    "receivedKBytesPerSec" : 3.365147054729692,
    "sentKBytesPerSec" : 25606.668397848116
  },
  "POST /predict [100 users]" : {
    "transaction" : "POST /predict [100 users]",
    "sampleCount" : 818,
    "errorCount" : 463,
    "errorPct" : 56.601467,
    "meanResTime" : 7232.86430317848,
    "medianResTime" : 4257.0,
    "minResTime" : 234.0,
    "maxResTime" : 16232.0,
    "pct1ResTime" : 13575.1,
    "pct2ResTime" : 14033.35,
    "pct3ResTime" : 14910.24,
    "throughput" : 11.484731484731483,
    "receivedKBytesPerSec" : 2.1262943137943138,
    "sentKBytesPerSec" : 16558.22471974816
  },
  "POST /predict [10 users]" : {
    "transaction" : "POST /predict [10 users]",
    "sampleCount" : 332,
    "errorCount" : 0,
    "errorPct" : 0.0,
    "meanResTime" : 1762.475903614457,
    "medianResTime" : 1791.5,
    "minResTime" : 241.0,
    "maxResTime" : 2575.0,
    "pct1ResTime" : 2169.0,
    "pct2ResTime" : 2293.2999999999993,
    "pct3ResTime" : 2508.0800000000004,
    "throughput" : 5.408311205955659,
    "receivedKBytesPerSec" : 0.9295534885236287,
    "sentKBytesPerSec" : 7797.4868330224635
  },
  "POST /predict [5 users]" : {
    "transaction" : "POST /predict [5 users]",
    "sampleCount" : 320,
    "errorCount" : 0,
    "errorPct" : 0.0,
    "meanResTime" : 909.9281250000005,
    "medianResTime" : 908.0,
    "minResTime" : 227.0,
    "maxResTime" : 1597.0,
    "pct1ResTime" : 1258.2000000000003,
    "pct2ResTime" : 1351.8,
    "pct3ResTime" : 1554.3100000000018,
    "throughput" : 5.284713964856652,
    "receivedKBytesPerSec" : 0.9083102127097371,
    "sentKBytesPerSec" : 7619.292854050032
  },
  "POST /predict [20 users]" : {
    "transaction" : "POST /predict [20 users]",
    "sampleCount" : 346,
    "errorCount" : 0,
    "errorPct" : 0.0,
    "meanResTime" : 3417.0231213872826,
    "medianResTime" : 3556.0,
    "minResTime" : 235.0,
    "maxResTime" : 4384.0,
    "pct1ResTime" : 3994.1,
    "pct2ResTime" : 4128.25,
    "pct3ResTime" : 4295.019999999999,
    "throughput" : 5.501932036827961,
    "receivedKBytesPerSec" : 0.9456445688298059,
    "sentKBytesPerSec" : 7932.465035872875
  },
  "POST /predict [75 users]" : {
    "transaction" : "POST /predict [75 users]",
    "sampleCount" : 531,
    "errorCount" : 164,
    "errorPct" : 30.885122,
    "meanResTime" : 8553.75706214689,
    "medianResTime" : 11428.0,
    "minResTime" : 305.0,
    "maxResTime" : 14394.0,
    "pct1ResTime" : 13368.8,
    "pct2ResTime" : 13918.4,
    "pct3ResTime" : 14261.679999999998,
    "throughput" : 7.440830682566596,
    "receivedKBytesPerSec" : 1.3327547188318878,
    "sentKBytesPerSec" : 10727.885867194835
  },
  "POST /predict [1 user]" : {
    "transaction" : "POST /predict [1 user]",
    "sampleCount" : 230,
    "errorCount" : 0,
    "errorPct" : 0.0,
    "meanResTime" : 260.3826086956523,
    "medianResTime" : 249.0,
    "minResTime" : 216.0,
    "maxResTime" : 595.0,
    "pct1ResTime" : 298.9,
    "pct2ResTime" : 327.45,
    "pct3ResTime" : 467.00999999999993,
    "throughput" : 3.8298864355413462,
    "receivedKBytesPerSec" : 0.6582617311086688,
    "sentKBytesPerSec" : 5521.778608887418
  }
}